[
  {
    "_id": {
      "$oid": "5f083830df3e9c52c34d5d20"
    },
    "name": "Basarnas",
    "image": "basarnas.png",
    "people": 0,
    "__v": 0,
    "createdAt": "2023-11-26T16:03:13.548+00:00",
    "updatedAt": "2023-11-26T16:03:13.548+00:00"
  },
 {
    "_id": {
      "$oid": "5f083830df3e9c52c34d5d21"
    },
    "name": "Pemadam Kebakaran",
    "image": "damkar.png",
    "people": 0,
    "__v": 0,
    "createdAt": "2023-11-26T16:03:13.548+00:00",
    "updatedAt": "2023-11-26T16:03:13.548+00:00"
  },
 {
    "_id": {
      "$oid": "5f083830df3e9c52c34d5d22"
    },
    "name": "Dinas Kesehatan",
    "image": "dinas_kesehatan.png",
    "people": 0,
    "__v": 0,
    "createdAt": "2023-11-26T16:03:13.548+00:00",
    "updatedAt": "2023-11-26T16:03:13.548+00:00"
  },
 {
    "_id": {
      "$oid": "5f083830df3e9c52c34d5d23"
    },
    "name": "Dinas Lingkungan Hidup",
    "image": "dinas_lkh.png",
    "people": 0,
    "__v": 0,
    "createdAt": "2023-11-26T16:03:13.548+00:00",
    "updatedAt": "2023-11-26T16:03:13.548+00:00"
  },
 {
    "_id": {
      "$oid": "5f083830df3e9c52c34d5d24"
    },
    "name": "Polisi",
    "image": "polisi.png",
    "people": 0,
    "__v": 0,
    "createdAt": "2023-11-26T16:03:13.548+00:00",
    "updatedAt": "2023-11-26T16:03:13.548+00:00"
  },
 {
    "_id": {
      "$oid": "5f083830df3e9c52c34d5d25"
    },
    "name": "Dinas Perhubungan",
    "image": "dinas_perhubungan.png",
    "people": 0,
    "__v": 0,
    "createdAt": "2023-11-26T16:03:13.548+00:00",
    "updatedAt": "2023-11-26T16:03:13.548+00:00"
  },
 {
    "_id": {
      "$oid": "5f083830df3e9c52c34d5d26"
    },
    "name": "Dinas Pendidikan",
    "image": "dinas_pendidikan.png",
    "people": 0,
    "__v": 0,
    "createdAt": "2023-11-26T16:03:13.548+00:00",
    "updatedAt": "2023-11-26T16:03:13.548+00:00"
  },
 {
    "_id": {
      "$oid": "5f083830df3e9c52c34d5d27"
    },
    "name": "Dinas Energi dan Sumber Daya",
    "image": "dinas_esdm.png",
    "people": 0,
    "__v": 0,
    "createdAt": "2023-11-26T16:03:13.548+00:00",
    "updatedAt": "2023-11-26T16:03:13.548+00:00"
  },
 {
    "_id": {
      "$oid": "5f083830df3e9c52c34d5d28"
    },
    "name": "Dinas Komunkasi dan Informasi",
    "image": "dinas_kominfo.png",
    "people": 0,
    "__v": 0,
    "createdAt": "2023-11-26T16:03:13.548+00:00",
    "updatedAt": "2023-11-26T16:03:13.548+00:00"
  },
 {
    "_id": {
      "$oid": "5f083830df3e9c52c34d5d29"
    },
    "name": "Dinas Pekerjaan Umum",
    "image": "dinas_pu.png",
    "people": 0,
    "__v": 0,
    "createdAt": "2023-11-26T16:03:13.548+00:00",
    "updatedAt": "2023-11-26T16:03:13.548+00:00"
  }
]
