[
  {
    "_id": {
      "$oid": "5f08353be0495436721eeb620"
    },
    "name": "Hiburan",
    "image": "hiburan.png",
    "category_id": "1",
    "__v": 0,
    "createdAt": "2023-11-26T16:03:13.548+00:00",
    "updatedAt": "2023-11-26T16:03:13.548+00:00"
  },
  {
    "_id": {
      "$oid": "5f08353be0495436721eeb21"
    },
    "name": "Jalan",
    "image": "jalan.png",
    "category_id": "2",
    "__v": 0,
    "createdAt": "2023-11-26T16:03:13.548+00:00",
    "updatedAt": "2023-11-26T16:03:13.548+00:00"
  },
  {
    "_id": {
      "$oid": "5f08353be0495436721eeb22"
    },
    "name": "Kejahatan",
    "image": "kejahatan.png",
    "category_id": "3",
    "__v": 0,
    "createdAt": "2023-11-26T16:03:13.548+00:00",
    "updatedAt": "2023-11-26T16:03:13.548+00:00"
  },
  {
    "_id": {
      "$oid": "5f08353be0495436721eeb24"
    },
    "name": "Kesehatan",
    "image": "kesehatan.png",
    "category_id": "5",
    "__v": 0,
    "createdAt": "2023-11-26T16:03:13.548+00:00",
    "updatedAt": "2023-11-26T16:03:13.548+00:00"
  },
  {
    "_id": {
      "$oid": "5f08353be0495436721eeb25"
    },
    "name": "Limbah dan Polusi",
    "image": "limbah.png",
    "category_id": "6",
    "__v": 0,
    "createdAt": "2023-11-26T16:03:13.548+00:00",
    "updatedAt": "2023-11-26T16:03:13.548+00:00"
  },
  {
    "_id": {
      "$oid": "5f08353be0495436721eeb26"
    },
    "name": "Parkir Liar",
    "image": "parkir_liar.png",
    "category_id": "7",
    "__v": 0,
    "createdAt": "2023-11-26T16:03:13.548+00:00",
    "updatedAt": "2023-11-26T16:03:13.548+00:00"
  },
  {
    "_id": {
      "$oid": "5f08353be0495436721eeb27"
    },
    "name": "Pendidikan",
    "image": "pendidikan.png",
    "category_id": "8",
    "__v": 0,
    "createdAt": "2023-11-26T16:03:13.548+00:00",
    "updatedAt": "2023-11-26T16:03:13.548+00:00"
  },
  {
    "_id": {
      "$oid": "5f08353be0495436721eeb28"
    },
    "name": "Pohon",
    "image": "pohon.png",
    "category_id": "9",
    "__v": 0,
    "createdAt": "2023-11-26T16:03:13.548+00:00",
    "updatedAt": "2023-11-26T16:03:13.548+00:00"
  },
  {
    "_id": {
      "$oid": "5f08353be0495436721eeb29"
    },
    "name": "Rumah Sakit",
    "image": "rs_dan_puskesmas.png",
    "category_id": "10",
    "__v": 0,
    "createdAt": "2023-11-26T16:03:13.548+00:00",
    "updatedAt": "2023-11-26T16:03:13.548+00:00"
  },
  {
    "_id": {
      "$oid": "5f08353be0495436721eeb30"
    },
    "name": "Sampah",
    "image": "sampah.png",
    "category_id": "11",
    "__v": 0,
    "createdAt": "2023-11-26T16:03:13.548+00:00",
    "updatedAt": "2023-11-26T16:03:13.548+00:00"
  },
  {
    "_id": {
      "$oid": "5f08353be0495436721eeb31"
    },
    "name": "Taman",
    "image": "taman.png",
    "category_id": "12",
    "__v": 0,
    "createdAt": "2023-11-26T16:03:13.548+00:00",
    "updatedAt": "2023-11-26T16:03:13.548+00:00"
  },
  {
    "_id": {
      "$oid": "5f08353be0495436721eeb32"
    },
    "name": "Transportasi",
    "image": "transportasi.png",
    "category_id": "13",
    "__v": 0,
    "createdAt": "2023-11-26T16:03:13.548+00:00",
    "updatedAt": "2023-11-26T16:03:13.548+00:00"
  }
]
